wineries-summerhill-pyramid-winery-wines-baco-noir-2012;Canada
wineries-road-13-wines-okanagan-valley-sparkling-chenin-blanc-8888;Canada
wineries-black-hills-estate-winery-wines-nota-bene-2008;Canada
wineries-inniskillin-wines-inc-wines-icewine-vidal-oak-aged-2006;Canada
wineries-inniskillin-wines-inc-wines-icewine-cabernet-franc-2006;Canada
wineries-jackson-triggs-niagara-estate-winery-wines-vidal-icewine-niagara-peninsula-2008;Canada
wineries-black-hills-estate-winery-wines-nota-bene-red-2012;Canada
wineries-bonamici-wines-okanagan-valley-merlot-cabernet-franc-8888;Canada
wineries-mission-hill-family-estate-wines-3250397-oculus-okanagan-valley-red-2011;Canada
wineries-la-frenz-winery-wines-semillon-2011;Canada
wineries-tinhorn-creek-vineyards-wines-cabernet-franc-2014;Canada
wineries-tantalus-vineyards-wines-methode-traditionelle-okanagan-valley-riesling-2015;Canada
wineries-l-orpailleur-wines-vin-de-glace-2011;Canada
wineries-summerhill-pyramid-winery-wines-baco-noir-2013;Canada
wineries-le-vieux-pin-wines-dead-man-equinoxe-syrah-2010;Canada
wineries-haywire-wines-gamay-noir-8888;Canada
wineries-hester-creek-wines-the-judge-limited-edition-2013;Canada
wineries-ex-nihilo-wines-okanagan-valley-2013;Canada
wineries-le-vieux-pin-wines-syrah-cuvee-violette-2013;Canada
wineries-black-hills-estate-winery-wines-nota-bene-2012;Canada
wineries-inniskillin-wines-inc-wines-ice-wine-riesling-2008;Canada
wineries-painted-rock-wines-red-icon-2012;Canada
wineries-poplar-grove-winery-wines-okanagan-valley-cabernet-sauvignon-2009;Canada
wineries-8th-generation-wines-riesling-classic-8888;Canada
wineries-painted-rock-wines-red-icon-2009;Canada
wineries-culmina-wines-okanagan-valley-saignee-2015;Canada
wineries-la-stella-wines-moscato-dosoyoos-2013;Canada
wineries-black-hills-estate-winery-wines-okanagan-valley-viognier-2013;Canada
wineries-the-vibrant-wines-gewurztraminer-2014;Canada
wineries-kew-wines-niagara-peninsula-soldiers-grant-2011;Canada
wineries-blasted-church-wines-hatfields-fuse-okanagan-valley-2014;Canada
wineries-trius-wines-sauvignon-blanc-2014;Canada
wineries-blue-mountain-vineyard-and-cellars-ltd-wines-pinot-gris-2014;Canada
wineries-cellar-hand-wines-punch-down-red-2013;Canada
wineries-norman-hardie-wines-ontario-riesling-2015;Canada
wineries-southbrook-wines-canadian-framboise-8888;Canada
wineries-foxtrot-wines-okanagan-valley-pinot-noir-8888;Canada
wineries-the-vibrant-wines-gewurztraminer-8888;Canada
wineries-inniskillin-wines-inc-wines-icewine-riesling-2012;Canada
wineries-inniskillin-wines-inc-wines-icewine-riesling-2014;Canada
wineries-l-orpailleur-wines-vin-de-glace-8888;Canada
wineries-peller-estates-wines-icewine-cabernet-franc-2008;Canada
wineries-blasted-church-wines-syrah-2012;Canada
wineries-ca-burrowing-owl-wines-burrowing-owl-syrah-2009;Canada
wineries-gray-monk-estate-winery-wines-select-late-harvest-okanagan-valley-ehrenfelser-blanc-white-2014;Canada
wineries-sandbanks-19628-wines-sleeping-giant-foch-baco-noir-2015;Canada
wineries-ca-burrowing-owl-wines-burrowing-owl-cabernet-franc-2008;Canada
wineries-ca-burrowing-owl-wines-burrowing-owl-cabernet-sauvignon-2008;Canada
wineries-southbrook-wines-connect-organic-red-2013;Canada
wineries-ca-burrowing-owl-wines-chardonnay-2014;Canada
wineries-norman-hardie-wines-chardonnay-8888;Canada
wineries-red-rooster-winery-wines-meritage-okanagan-valley-red-2013;Canada
wineries-red-rooster-winery-wines-reserve-okanagan-valley-meritage-2013;Canada
wineries-cedar-creek-estate-winery-wines-okanagan-valley-estate-select-meritage-2012;Canada
wineries-nk-mip-wines-qwam-qwmt-okanagan-valley-meritage-2009;Canada
wineries-blue-mountain-vineyard-and-cellars-ltd-wines-gamay-noir-8888;Canada
wineries-black-cloud-wines-pinot-noir-red-8888;Canada
wineries-ca-burrowing-owl-wines-pinot-noir-8888;Canada
wineries-sandbanks-19628-wines-ontario-baco-reserve-8888;Canada
wineries-le-vieux-pin-wines-dead-man-equinoxe-syrah-8888;Canada
wineries-ca-stags-hollow-wines-okanagan-valley-syrah-2013;Canada
wineries-it-la-dolce-vita-wines-chardonnay-casa-terras-riesling-8888;Canada
wineries-poplar-grove-winery-wines-okanagan-valley-blanc-de-noirs-2014;Canada
wineries-8th-generation-wines-confidence-8888;Canada
wineries-mission-hill-family-estate-wines-compendium-8888;Canada
wineries-pillitteri-estates-winery-wines-icewine-vidal-8888;Canada
wineries-ca-burrowing-owl-wines-athene-8888;Canada
wineries-hester-creek-wines-judge-limited-edition-8888;Canada
wineries-inniskillin-wines-inc-wines-icewine-vidal-2014;Canada
wineries-inniskillin-wines-inc-wines-icewine-niagara-peninsula-sweet-red-cabernet-franc-2008;Canada
wineries-jackson-triggs-niagara-estate-winery-wines-vidal-icewine-niagara-peninsula-2014;Canada
wineries-inniskillin-wines-inc-wines-icewine-niagara-peninsula-sweet-red-cabernet-franc-2012;Canada
wineries-peller-estates-wines-niagara-peninsula-ice-cuvee-rose-sparkling-8888;Canada
wineries-neige-wines-cidre-de-glace-apple-ice-wine-2012;Canada
wineries-joie-wines-wines-riesling-8888;Canada
wineries-nk-mip-wines-merriym-meritage-2010;Canada
wineries-see-ya-later-ranch-wines-rover-okanagan-valley-shiraz-viognier-2013;Canada
wineries-big-head-wines-vinemount-ridge-syrah-8888;Canada
wineries-lulu-island-wines-icewine-okanagan-valley-riesling-chardonnay-8888;Canada
wineries-quails-gate-wines-pinot-gris-8888;Canada
wineries-black-hills-estate-winery-wines-nota-bene-2010;Canada
wineries-summerhill-pyramid-winery-wines-ehrenfelser-2014;Canada
wineries-mission-hill-family-estate-wines-3250400-oculus-okanagan-valley-red-2012;Canada
wineries-seven-stones-winery-wines-seven-stones-napa-valley-cabernet-sauvignon-2011;Canada
wineries-the-vibrant-wines-okanagan-valley-woops-white-2014;Canada
wineries-pillitteri-estates-winery-wines-icewine-cabernet-sauvignon-8888;Canada
wineries-peller-estates-wines-icewine-private-reserve-vidal-blanc-2013;Canada
wineries-painted-rock-wines-okanagan-valley-estate-grown-red-cabernet-sauvignon-2013;Canada
wineries-township-7-wines-merlot-2013;Canada
wineries-pillitteri-estates-winery-wines-ice-vidal-8888;Canada
wineries-colaneri-wines-merlot-2010;Canada
wineries-le-vieux-pin-wines-syrah-cuvee-violette-2012;Canada
wineries-flat-rock-cellars-wines-twenty-mile-bench-riesling-2014;Canada
wineries-peller-estates-wines-ontario-private-reserve-late-harvest-vidal-2012;Canada
wineries-jackson-triggs-niagara-estate-winery-wines-proprietors-selection-cabernet-merlot-2008;Canada
wineries-megalomaniac-wines-reserve-series-niagara-peninsula-grounded-merlot-2010;Canada
wineries-pillitteri-estates-winery-wines-niagara-on-the-lake-vqa-cabernet-franc-2012;Canada
wineries-quails-gate-wines-orchard-block-gewurztraminer-2014;Canada
wineries-ruby-blues-wines-stiletto-red-8888;Canada
wineries-mission-hill-family-estate-wines-compendium-2009;Canada
wineries-ca-burrowing-owl-wines-syrah-2011;Canada
wineries-pillitteri-estates-winery-wines-exclamation-cellars-series-reserve-niagara-cabernet-franc-8888;Canada
wineries-wild-goose-wines-autumn-gold-2014;Canada
wineries-tawse-wines-carlys-block-riesling-8888;Canada
wineries-wild-goose-wines-autumn-gold-2015;Canada
wineries-arrowleaf-wines-pinot-noir-2011;Canada
wineries-inniskillin-wines-inc-wines-niagara-series-riesling-2014;Canada
wineries-megalomaniac-wines-homegrown-cellar-4379-2013;Canada
wineries-mission-hill-family-estate-wines-five-vineyards-rose-2015;Canada
wineries-gray-monk-estate-winery-wines-okanagan-valley-red-cabernet-merlot-2012;Canada
wineries-pelee-island-winery-wines-monarch-ontario-2014;Canada
wineries-vineland-estates-winery-wines-niagara-escarpment-elevation-vineland-cabernet-2012;Canada
wineries-henry-of-pelham-wines-family-estate-icewine-vqa-niagara-peninsula-riesling-2012;Canada
wineries-vineland-estates-winery-wines-st-urban-vineyard-elevation-riesling-2011;Canada
wineries-ca-burrowing-owl-wines-cabernet-sauvignon-2009;Canada
wineries-van-westen-wines-voluptuous-2008;Canada
wineries-ravine-wines-chardonnay-musque-2013;Canada
wineries-tinhorn-creek-vineyards-wines-okanagan-valley-merlot-2009;Canada
wineries-magnotta-winery-wines-limited-edition-icewine-vidal-2008;Canada
wineries-quails-gate-wines-stewart-family-reserve-pinot-noir-2012;Canada
wineries-church-and-state-wines-wines-trebella-2014;Canada
wineries-nk-mip-wines-merriym-meritage-2012;Canada
wineries-peninsula-ridge-estates-wines-peninsula-beal-rose-cabernet-8888;Canada
wineries-quails-gate-wines-quails-gate-merlot-2010;Canada
wineries-chaberton-wines-fraser-valley-bacchus-8888;Canada
wineries-quails-gate-wines-cabernet-sauvignon-2013;Canada
wineries-perseus-wines-british-columbia-cabernet-shiraz-2011;Canada
wineries-th-wines-wines-okanagan-valley-cabernet-merlot-8888;Canada
wineries-church-and-state-wines-wines-syrah-8888;Canada
wineries-noble-ridge-wines-meritage-8888;Canada
wineries-road-13-wines-honest-johns-red-2012;Canada
wineries-nk-mip-wines-okanagan-valley-merlot-2013;Canada
wineries-stellers-jay-wines-methode-classique-brut-8888;Canada
wineries-konzelmann-wines-ice-cabernet-sauvignon-8888;Canada
wineries-gray-monk-estate-winery-wines-latitud-fifty-l50-okanagan-valley-white-2013;Canada
wineries-le-clos-jordanne-wines-village-reserve-chardonnay-8888;Canada
wineries-pondview-wines-cabernet-merlot-8888;Canada
wineries-black-sage-wines-merlot-8888;Canada
wineries-ca-diabolica-wines-okanagan-valley-white-2012;Canada
wineries-norman-hardie-wines-county-unfiltered-ontario-pinot-noir-8888;Canada
wineries-konzelmann-wines-riesling-2013;Canada
wineries-young-and-wyse-wines-collection-cabernet-sauvignon-2011;Canada
wineries-monster-wines-cabs-2012;Canada
wineries-mission-hill-family-estate-wines-pinot-gris-reserve-8888;Canada
wineries-dirty-laundry-wines-woo-woo-gewurztraminer-8888;Canada
wineries-desert-hills-estate-wines-okanagan-valley-red-gamay-8888;Canada
wineries-wayne-gretzky-estates-wines-no-99-riesling-8888;Canada
wineries-indelible-wines-okanagan-valley-rebel-red-2014;Canada
wineries-mission-hill-family-estate-wines-vqa-okanagan-valley-grand-reserve-pinot-noir-2013;Canada
wineries-tinhorn-creek-vineyards-wines-cabernet-franc-2012;Canada
wineries-church-and-state-wines-wines-trebella-8888;Canada
wineries-stratus-wines-cabernet-franc-8888;Canada
wineries-culmina-wines-okanagan-valley-hypotheiss-2012;Canada
wineries-arrowleaf-wines-zweigelt-8888;Canada
wineries-joie-wines-wines-riesling-2013;Canada
wineries-c-c-jentsch-wines-cabernet-merlot-2013;Canada
wineries-summerhill-pyramid-winery-wines-1455344-baco-noir-2009;Canada
wineries-blasted-church-wines-big-bang-theory-2015;Canada
wineries-tempest-vineyards-wines-okanagan-valley-pinot-blanc-2013;Canada
wineries-dirty-laundry-wines-okanagan-valley-hush-rose-8888;Canada
wineries-pondview-wines-four-mile-creek-bella-terra-cabernet-franc-8888;Canada
wineries-hester-creek-wines-pinot-gris-2015;Canada
wineries-angels-gate-wines-gewrztraminer-2012;Canada
wineries-peller-estates-wines-niagara-peninsula-pinot-gris-2012;Canada
wineries-red-rooster-winery-wines-riesling-2012;Canada
wineries-red-rooster-winery-wines-okanagan-valley-chardonnay-white-8888;Canada
wineries-nk-mip-wines-inkam-pinot-noir-2012;Canada
wineries-quails-gate-wines-stewart-family-reserve-pinot-noir-2008;Canada
wineries-pillitteri-estates-winery-wines-fusion-niagara-on-the-lake-vqa-gewrztraminer-riesling-2013;Canada
wineries-dirty-laundry-wines-dangerous-liaison-okanagan-valley-red-2014;Canada
wineries-martins-lane-wines-pinot-noir-2012;Canada
wineries-inniskillin-wines-inc-wines-single-dark-horse-okanagan-valley-meritage-2013;Canada
wineries-flat-rock-cellars-wines-twisted-2012;Canada
wineries-dirty-laundry-wines-kay-syrah-2011;Canada
wineries-volcanic-hills-wines-okanagan-valley-pinot-noir-8888;Canada
wineries-blue-mountain-vineyard-and-cellars-ltd-wines-chardonnay-8888;Canada
wineries-mission-hill-family-estate-wines-reserve-okanagan-valley-chardonnay-2013;Canada
wineries-henry-of-pelham-wines-family-estate-vqa-niagara-peninsula-riesling-8888;Canada
wineries-quails-gate-wines-merlot-2013;Canada
wineries-ca-hinterland-wines-whitecap-8888;Canada
wineries-nk-mip-wines-okanagan-valley-pinot-blanc-2011;Canada
wineries-cave-springs-cellars-wines-ice-niagara-peninsula-riesling-2014;Canada
wineries-norman-hardie-wines-county-chardonnay-8888;Canada
wineries-road-13-wines-british-columbia-syrah-malbec-2012;Canada
wineries-blue-mountain-vineyard-and-cellars-ltd-wines-pinot-noir-2010;Canada
wineries-hen-house-wines-red-roosters-british-columbia-cabernet-franc-sauvignon-merlo-8888;Canada
wineries-crush-wines-niagara-peninsula-merlot-cabernet-shiraz-pinot-noir-8888;Canada
wineries-orofino-wines-pinot-noir-8888;Canada
wineries-cave-springs-cellars-wines-riesling-2013;Canada
wineries-thirty-bench-wine-makers-wines-winemakers-blend-riesling-2015;Canada
wineries-saint-and-sinner-wines-pinot-grigio-2010;Canada
wineries-quails-gate-wines-chenin-blanc-2015;Canada
wineries-gray-monk-estate-winery-wines-okanagan-valley-white-pinot-gris-2013;Canada
wineries-pillitteri-estates-winery-wines-gewurztraminer-riesling-8888;Canada
wineries-raven-wines-british-columbia-red-8888;Canada
wineries-flat-rock-cellars-wines-gravity-pinot-noir-8888;Canada
wineries-red-rooster-winery-wines-henhouse-ruffled-red-2015;Canada
wineries-kacaba-wines-unoaked-chardonnay-8888;Canada
wineries-tawse-estates-wines-growers-blend-niagara-peninsula-pinor-noir-8888;Canada
wineries-nk-mip-wines-okanagan-valley-winemakers-talon-8888;Canada
